{"merchantCode":"T206030","merchantSchemeCode":"test","salt":"3976262521OAOQBJ","typeOfPayment":"LIVE","currency":"INR","primaryColor":"red","secondaryColor":"white","buttonColor1":"red","buttonColor2":"white","logoURL":"https:\/\/www.paynimo.com\/CompanyDocs\/company-logo-md.png","enableExpressPay":"0","separateCardMode":"0","enableNewWindowFlow":"1","merchantMessage":"Merchant Message","disclaimerMessage":"Disclaimer Message","paymentMode":"all","paymentModeOrder":"netBanking,cards,imps,cashCards,UPI,MVISA,debitPin,NEFTRTGS,emiBanks,wallets","enableInstrumentDeRegistration":"0","transactionType":"SALE","hideSavedInstruments":"0","saveInstrument":"0","displayTransactionMessageOnPopup":"0","embedPaymentGatewayOnPage":"0","enableEmandate":"0","hideSIConfirmation":"0","expandSIDetails":"0","enableDebitDay":"0","showSIResponseMsg":"0","showSIConfirmation":"0","enableTxnForNonSICards":"0","showAllModesWithSI":"0","enableSIDetailsAtMerchantEnd":"0"}