{"merchantCode":"T3348","merchantSchemeCode":"tes","salt":"1496899267KMOWJE","typeOfPayment":"TEST","currency":"INR","primaryColor":"#3977b7","secondaryColor":"#FFFFFF","buttonColor1":"#1969bb","buttonColor2":"#FFFFFF","logoURL":"https:\/\/www.paynimo.com\/CompanyDocs\/company-logo-md.png","enableExpressPay":"1","separateCardMode":"0","enableNewWindowFlow":"1","merchantMessage":"","disclaimerMessage":"","paymentMode":"all","paymentModeOrder":"wallets,cards,netBanking,imps,cashCards,UPI,MVISA,debitPin,NEFTRTGS,emiBanks","enableInstrumentDeRegistration":"0","transactionType":"SALE","hideSavedInstruments":"0","saveInstrument":"0","displayTransactionMessageOnPopup":"0","embedPaymentGatewayOnPage":"0","enableEmandate":"0","hideSIConfirmation":"0","expandSIDetails":"0","enableDebitDay":"0","showSIResponseMsg":"0","showSIConfirmation":"0","enableTxnForNonSICards":"0","showAllModesWithSI":"0","enableSIDetailsAtMerchantEnd":"0"}